I.,Methods  ......................................................................................................... 1
II.,Summary of trends in deaths ........................................................................ 6
III.,Figures .......................................................................................................... 10
"",A. Total intoxication deaths ..................................................................... 11
"",B. Deaths by selected substances .......................................................... 15
"",C. Opioid-related deaths.......................................................................... 16
"",1. Fentanyl-related ............................................................................ 18
"",2. Heroin-related................................................................................ 21
"",3. Prescription Opioid-related ............................................................ 24
"",4. Carfentanil ..................................................................................... 29
"",D.  Cocaine-related deaths ....................................................................... 30
"",E.  Benzodiazepine-related deaths ........................................................... 34
"",F.Phencyclidine-related deaths ............................................................. 38
"",G.Methamphetamine-related deaths ..................................................... 42
"",H.Alcohol-related deaths ....................................................................... 46
"",I.Drug combinations ............................................................................... 50
"",J.Age-adjusted death rates ................................................................... 56
IV.,Tables ............................................................................................................ 57
"",Table 1.  Total Number of Drug- and Alcohol-Related Intoxication Deaths
"","by Place of Occurrence, Maryland, 2011-2020 .............................. 58"
"",Table 2.  Number of Opioid-Related Intoxication Deaths by Place of
"","Occurrence,  Maryland, 2011-2020 ................................................ 59"
"",Table 3.  Number of Heroin-Related Intoxication Deaths by Place of
"","Occurrence,  Maryland, 2011-2020 ................................................ 60"
"",Table 4.  Number of Prescription Opioid-Related Intoxication Deaths by
"","Place of Occurrence, Maryland, 2011-2020 .................................. 61"
"",Table 5.  Number of Oxycodone-Related Intoxication Deaths by Place of
"","Occurrence,  Maryland, 2011-2020 ................................................ 62"
"",Table 6.  Number of Methadone-Related Intoxication Deaths by Place of
"","Occurrence, Maryland, 2011-2020 ................................................ 63"
"",Table 7.  Number of Fentanyl-Related Intoxication Deaths by Place of
"","Occurrence,  Maryland, 2011-2020 ................................................ 64"
"",Table 8.  Number of Cocaine-Related Intoxication Deaths by Place of
"","Occurrence, Maryland, 2011-2020 ................................................ 65"
Northwest Area,Baltimore Metro,National Capital,Southern Area,Eastern Shore
"",Area,Area,,Area
Garrett Co.,Baltimore City,Montgomery Co.,Calvert Co.,Cecil Co.
Allegany Co.,Baltimore Co.,Prince George’s Co.,Charles Co.,Kent Co.
Washington Co.,Anne Arundel Co.,,St. Mary’s Co.,Queen Anne’s Co.
Frederick Co.,Carroll Co.,,,Caroline Co.
"",Howard Co.,,,Talbot Co.
"",Harford Co.,,,Dorchester Co.
"",,,,Wicomico Co.
"",,,,Somerset Co.
"",,,,Worcester Co.
800,,,,,,,,,
700,,,,,,,,,
600,,,,,,,,,
500,,,,,,,,,
400,,,,,,,,,
300,,,,,,,,,
200,,,,,,,,,
100,,,,,,,,,
0,,,,,,,,,
2011,2012,2013,,2014,2015,2016,2017 2018,2019,2020
"<25 years 76",87,79,,97,99,161,154 131,118,143
25-34 years 167,169,216,,234,297,525,588 561,530,647
35-44 years 128,171,175,,217,281,428,461 513,557,589
45-54 years 209,243,246,,290,339,550,560 582,529,651
55+ years 91,129,141,,203,241,424,517 618,643,769
RACE/ETHNICITY,,,,,,,GENDER,,
1800,,,,,,,,,
"",,,,,2500,,,,
1600,NH White,,,,,,,,
1400,,,,,2000,,,,
"",,,,,,,,,Male
1200,,,,,,,,,
1000,,,,,1500,,,,
800,NH Black,,,,,,,,
600,,,,,1000,,,,
"",,,,,,,,,Female
400,,,,,,,,,
"",,,,,500,,,,
"",2250,,,,,
"",,,,,,Fentanyl
"",2000,,,,,
"",1750,,,,,
"",1500,,,,,
"",1250,,,,,
"",1000,,,,,Cocaine
"",,,,,Heroin,
"",750,,,,,
"",,,,,,Alcohol
"",500,,,,,
"",,,,,,Prescription opioids
"",250,,,,,
"",,,,,,Benzodiazepines2
"",0,,,,,
"",,2011,2012,2013,2014 2015,2016 2017 2018 2019 2020
Heroin,,247,392,464,578 748,1212 1078 830 726 548
Prescription opioids,,342,311,316,330 351,418 413 379 369 453
Alcohol,,161,195,239,270 309,582 517 472 423 566
Benzodiazepines,,68,73,69,103 91,126 146 127 107 114
Cocaine,,148,153,154,198 221,464 691 891 869 921
Fentanyl,,26,29,58,186 340,1119 1594 1888 1927 2342
"",,,,,,Fentanyl,
"",2000,,,,,,
"",1500,,,,,,
"",1000,,,,,,
"",,,,Heroin,,,
"",500,,,,,,
"",,,,,,Prescription Opioids,
"",0,,,,,,
"",,2011,2012,2013 2014,2015,2016 2017 2018 2019,2020
Heroin,,247,392,464 578,748,1212 1078 830 726,548
Prescription opioids,,342,311,316 330,351,418 413 379 369,453
Fentanyl,,26,29,58 186,340,1119 1594 1888 1927,2342
600,,,,,,,,,,
500,,,,,,,,,,
400,,,,,,,,,,
300,,,,,,,,,,
200,,,,,,,,,,
100,,,,,,,,,,
0,,,,,,,,,,
2011,2012,2013,,2014,2015,2016,2017 2018,,2019,2020
"<25 years 1",1,7,,28,27,93,118 115,,103,120
25-34 years 6,6,18,,48,93,313,454 467,,452,567
35-44 years 9,10,10,,38,72,221,333 414,,453,501
45-54 years 9,5,13,,49,91,292,380 454,,432,534
55+ years 1,7,10,,23,57,200,307 437,,485,620
RACE/ETHNICITY,,,,,,,GENDER,,,
1400,,,,,1800,,,,,
"",,,,,1600,,,,,
1200,,NH White,,,,,,,,Male
"",,,,,1400,,,,,
1000,,,,,,,,,,
"",,,,,1200,,,,,
800,,,,,,,,,,
"",,NH Black,,,1000,,,,,
350,,,,,,,,,,
300,,,,,,,,,,
250,,,,,,,,,,
200,,,,,,,,,,
150,,,,,,,,,,
100,,,,,,,,,,
50,,,,,,,,,,
0,,,,,,,,,,
"",2011,2012,2013,2014,2015,2016,2017,2018,2019,2020
"<25 years",28,53,54,61,69,100,86,55,32,19
25-34 years,67,87,129,148,202,312,278,200,186,132
35-44 years,52,81,83,118,165,229,226,196,165,116
45-54 years,67,124,133,157,178,335,277,205,160,138
55+ years,33,47,65,94,133,235,210,174,183,143
900,,,,,
"",,Male,,,
800 NH White,900,,,,
800700,,,,,
700600,,,,,
"",600,,,,
500,,,,,
400NH Black,500,,,,
"",400,,,,
300,,,,,
"",Female300,,,,
200,,,,,
"",200,,,,
100 Hispanic,,,,,
"",100,,,,
0,,,,,
2011 2012 2013 2014 2015 2016 2017 2018,2019 2020,,,,
"",0,,,,
NH White 178 285 321 379 520 772 742 536,424 308,2011 2012 2013 2014 2015 2016 2017,2018,2019,2020
NH Black 62 100 131 188 204 397 309 269,273 217 Male,178 294 344 454 588 897 821,615,543,413
Hispanic 6 2 8 8 8 25 17 18,20 16 Female,69 98 120 124 159 314 257,215,183,135
"",450,,,,,,,
"",,,,,,,,Total
"",400,,,,,,,
"",350,,,,,,,
"",300,,,,,,,
"",,,,,,,,Methadone
"",250,,,,,,,
"",200,,,,,,,
"",150,,,,,,,Oxycodone
"",100,,,,,,,
"",,,,,,,,Tramadol
"",50,,,,,,,
"",0,,,,,,,
"",,2011,2012,2013,2014,2015,2016,2017 2018 2019 2020
Total,,342,311,316,330,351,418,413 379 369 453
Methadone,,172,170,138,152,183,197,246 196 201 279
Oxycodone,,118,99,86,120,104,157,122 103 124 108
Tramadol,,24,25,30,33,30,35,42 57 47 76
120,,,,,,,,,,,,
100,,,,,,,,,,,,
80,,,,,,,,,,,,
60,,,,,,,,,,,,
40,,,,,,,,,,,,
20,,,,,,,,,,,,
0,,,,,,,,,,,,
2011,2012,2013,,2014,2015 2016,,2017,2018 2019,2020,,,
"<25 years 50",29,26,,21,16 23,,20,14 9,,19,,
25-34 years 88,83,84,,69,71 92,,90,65 70,,78,,
35-44 years 58,67,68,,66,83 98,,95,82 90,109,,,
45-54 years 111,80,89,,91,107 114,,113,101 85,120,,,
55+ years 35,52,49,,83,74 91,,95,116 115,127,,,
RACE/ETHNICITY,,,,,,,GENDER,,,,,
350,,,,,350,,,,,,,
"",NH White,,,,,,,,,,,
300,,,,,300,,,,,,,
250,,,,,250,,,,,,,
200,,,,,,,Male,,,,,
"",,,,,200,,,,,,,
150,,,,,,,,,,,,
"",,,,,150,,,,,,,
"",,,,,,,Female,,,,,
"",,NH Black,,,,,,,,,,
100,,,,,,,,,,,,
"",,,,,100,,,,,,,
50,,,,,,,,,,,,
"",,,,,50,,,,,,,
"",Hispanic,,,,,,,,,,,
0,,,,,,,,,,,,
2011 2012 2013 2014,2015 2016,2017,,2018 2019,2020 0,,,,,,,
NH White 278 258 247 256,265,308 306,,263 245,290,2011,2012 2013,2014 2015 2016,2017,2018,2019,2020
NH Black 52 46 63 66,80,105 95,,108 118,154 Male,218,187 178,199 206 258,238,239,239,286
Hispanic 9 4 3 6,3,2 7,,5 3,8 Female,124,124 138,131 145 160,175,140,130,167
"",250,,,,,,,,,,,
"",200,,,,,,,,,,,
"",150,,,,,,,,,,,
"",100,,,,,,,,,,,
"",50,,,,,,,,,,,
"",0,,,,,,,,,,,
"",2011,2012,2013,2014,,2015,2016,2017 2018,2019,,2020,
"",<25 years 9,8,7,8,,9,20,38 36,35,,32,
"",25-34 years 34,34,29,33,,46,113,175 208,188,,211,
"",35-44 years 39,30,35,49,,54,97,137 193,219,,205,
"",45-54 years 45,57,54,69,,76,146,202 239,213,,220,
"",55+ years 21,24,29,39,,36,88,138 214,214,,253,
"",RACE/ETHNICITY,,,,,,,GENDER,,,,
"",,,,,,700,,,,,,
600,,,,,,,,,,,Male,
"",,,NH White,,,,,,,,,
"",,,,,,600,,,,,,
500,,,,,,,,,,,,
"",,,,,,500,,,,,,
400,,,,,,,,,,,,
"",,,NH Black,,,,,,,,,
"",,,,,,400,,,,,,
300,,,,,,,,,,,,
"",,,,,,300,,,,,,
200,,,,,,,,,,,Female,
"",,,,,,200,,,,,,
100,,,,,,,,,,,,
"",,,Hispanic,,,100,,,,,,
0,,,,,,,,,,,,
"",2011 2012 2013 2014,2015 2016,2017 2018,2019,2020,,,,,,,
"",,,,,,0,,,,,,
NH White,101 92 97 112,134 274,429 532,464,493,,2011 2012,2013 2014 2015,2016,2017,2018 2019,2020
NH Black,43 55 51 79,81 172,244 326,368,383,Male,106 103,110 149 170,347,485,656 654,663
Hispanic,4 3 3 4,3 12,9 21,22,35,Female,42 50,44 49 51,117,206,235 215,258
"",40,,,,,,,,,,
"",35,,,,,,,,,,
"",30,,,,,,,,,,
"",25,,,,,,,,,,
"",20,,,,,,,,,,
"",15,,,,,,,,,,
"",10,,,,,,,,,,
"",5,,,,,,,,,,
"",0,,,,,,,,,,
"",2011,2012,2013,2014,,2015,2016,2017 2018,2019,2020,
"",<25 years 7,8,3,8,,5,12,15 12,,5 8,
"",25-34 years 21,18,21,30,,23,33,42 33,,30 23,
"",35-44 years 13,15,16,18,,25,28,31 26,,30 38,
"",45-54 years 19,24,18,25,,25,28,27 23,,19 28,
"",55+ years 8,8,11,22,,13,25,31 33,,23 17,
"",RACE/ETHNICITY,,,,,,,GENDER,,,
"",,,,,,90,,,,,
140,,,,,,,,,,,
"",NH White,,,,,80,,,,Male,
120,,,,,,,,,,,
"",,,,,,70,,,,,
100,,,,,,,,,,,
"",,,,,,60,,,,,
"",,,,,,,,,,Female,
80,,,,,,50,,,,,
60,,,,,,40,,,,,
40,,,,,,30,,,,,
"",,NH Black,,,,20,,,,,
20,,,,,,,,,,,
"",,,Hispanic,,,10,,,,,
0,,,,,,,,,,,
"",2011 2012 2013 2014,2015 2016,2017 2018,2019,2020,,,,,,
"",,,,,,0,,,,,
NH White,60 67 59 82,79 106,130 102,81,90,,2011 2012,2013 2014 2015 2016,,2017 2018 2019,2020
NH Black,3 6 8 16,9 17,15 20,20,21,Male,37 44,39 67 50,77,82 78 63,71
Hispanic,2 0 1 2,1 2,0 3,3,3,Female,31 29,30 36 41,49,64 49 44,43
25,,,,,,,,,,
20,,,,,,,,,,
15,,,,,,,,,,
10,,,,,,,,,,
5,,,,,,,,,,
0,,,,,,,,,,
"",2011,2012,2013,2014,2015,2016,2017,2018,2019,2020
"<25 years",0,1,2,1,1,3,0,1,2,0
25-34 years,2,2,0,3,5,6,10,10,11,25
35-44 years,2,5,2,9,4,11,7,6,18,20
45-54 years,6,6,2,1,4,5,7,11,12,14
55+ years,0,2,2,1,0,7,4,9,15,16
50,,,,,,,,50,,,,,,,,,
"",,,,,,,NH Black,,,,,,,,,,
"",,,,,,,,,,,,,,,Male,,
40,,,,,,,,40,,,,,,,,,
30,,,,,,,,,,,,,,,,,
"",,,,,,,NH White,30,,,,,,,,,
20,,,,,,,,,,,,,,,,,
"",,,,,,,,20,,,,,,,,,
10,,,,,,,,,,,,,,,Female,,
"",,,,,,,,10,,,,,,,,,
"",,,,,,,Hispanic,,,,,,,,,,
0,,,,,,,,,,,,,,,,,
"",2011,2012,2013,2014,2015,2016,2017 2018 2019 2020,0,,,,,,,,,
NH White,6,12,6,7,3,15,8 18 25 20,,2011,2012,2013,2014,2015,2016,2017 2018,2019,2020
NH Black,4,4,2,8,11,16,20 18 33 51,Male,7,13,5,10,11,27,21 32,44,57
Hispanic,0,0,0,0,0,1,0 0 0 4,Female,3,3,3,5,3,5,7 5,14,18
30,,,,,,,,,,
25,,,,,,,,,,
20,,,,,,,,,,
15,,,,,,,,,,
10,,,,,,,,,,
5,,,,,,,,,,
0,,,,,,,,,,
"",2011,2012,2013,2014,2015,2016,2017,2018,2019,2020
"<25 years",0,1,1,0,1,0,4,4,2,3
25-34 years,0,0,2,1,4,10,9,14,14,31
35-44 years,0,1,0,1,3,4,8,8,13,20
45-54 years,0,0,2,1,2,3,6,4,6,13
55+ years,0,0,1,0,0,1,1,2,6,9
200,,,,,,,,,,
150,,,,,,,,,,
100,,,,,,,,,,
50,,,,,,,,,,
0,,,,,,,,,,
"",2011,2012,2013,2014,2015,2016,2017,2018,2019,2020
"<25 years",18,10,9,12,15,25,23,13,13,23
25-34 years,37,26,35,51,52,115,97,85,75,119
35-44 years,31,46,56,55,73,123,102,110,112,132
45-54 years,56,77,88,104,109,195,154,123,97,145
55+ years,19,36,50,48,61,124,141,141,126,147
Figure 49.  Combinations of Substances Related to Unintentional Drug-and Alcohol-Related
"Intoxication Deaths, Maryland, 2020"
Number Percent
Fentanyl
Total 2342
In combination
With cocaine 835 35.7
With heroin 517 22.1
With alcohol 425 18.1
With prescription opioids 309 13.2
With benzodiazepines 81 3.5
With methamphetamine 61 2.6
With phencyclidine 54 2.3
Cocaine
Total 921
In combination
With fentanyl 835 90.7
With heroin 208 22.6
With alcohol 152 16.5
With prescription opioids 110 11.9
With benzodiazepines 25 2.7
With phencyclidine 21 2.3
With methamphetamine 18 2.0
Heroin
Total 548
In combination
With fentanyl 517 94.3
With cocaine 208 38.0
With prescription opioids 106 19.3
With alcohol 64 11.7
With benzodiazepines 27 4.9
With phencyclidine 15 2.7
With methamphetamine 12 2.2
Prescription opioids
Total 453
In combination
With fentanyl 309 68.2
With cocaine 110 24.3
With heroin 106 23.4
With alcohol 55 12.1
With benzodiazepines 43 9.5
With methamphetamine 8 1.8
With phencyclidine 4 0.9
Figure 49.  Combinations of Substances Related to Unintentional Drug-and Alcohol-Related
"Intoxication Deaths, Maryland, 2020 - Continued"
Number Percent
Alcohol
Total 566
In combination
With fentanyl 425 75.1
With cocaine 152 26.9
With heroin 64 11.3
With prescription opioids 55 9.7
With phencyclidine 20 3.5
With benzodiazepines 18 3.2
With methamphetamine 8 1.4
Benzodiazepines
Total 114
In combination
With fentanyl 81 71.1
With prescription opioids 43 37.7
With heroin 27 23.7
With cocaine 25 21.9
With alcohol 18 15.8
With methamphetamine 3 2.6
With phencyclidine 2 1.8
Phencyclidine
Total 75
In combination
With fentanyl 54 72.0
With cocaine 21 28.0
With alcohol 20 26.7
With heroin 15 20.0
With prescription opioids 4 5.3
With benzodiazepines 2 2.7
With methamphetamine 1 1.3
Methamphetamine
Total 76
In combination
With fentanyl 61 80.3
With cocaine 18 23.7
With heroin 12 15.8
With alcohol 8 10.5
With prescription opioids 8 10.5
With benzodiazepines 3 3.9
With phencyclidine 1 1.3
TOTAL INTOXICATION DEATHSREGION AND POLITICAL,,,,
SUBDIVISION,,,,
2011 2012 2013 2014 2015 2016 2017,2018,2019,2020,TOTAL
"MARYLAND ...................................... 671 799 858 1,041 1,259 2,089 2,282","2,406","2,379","2,799","16,58"
NORTHWEST AREA ........................ 65 67 86 96 131 214 183,211,189,234,"1,47"
GARRETT ..................................... 2 0 6 2 5 1 8,3,9,8,4
ALLEGANY .................................... 12 14 15 12 22 59 38,39,28,52,29
WASHINGTON .............................. 21 27 28 40 64 66 59,91,88,110,59
FREDERICK .................................. 30 26 37 42 40 88 78,78,64,64,54
"BALTIMORE METRO AREA ............ 420 519 557 678 841 1,402 1,549","1,731","1,652","1,860","11,20"
BALTIMORE CITY ......................... 167 225 246 305 393 694 761,888,914,"1,028","5,62"
BALTIMORE COUNTY .................. 107 119 144 170 220 336 367,388,350,394,"2,59"
ANNE ARUNDEL .......................... 79 83 78 101 112 195 214,241,208,251,"1,56"
CARROLL ...................................... 8 29 24 38 40 47 55,72,56,46,41
HOWARD ...................................... 21 24 29 21 26 46 51,41,37,57,35
HARFORD ..................................... 38 39 36 43 50 84 101,101,87,84,66
NATIONAL CAPITAL AREA ............. 86 104 111 128 140 231 283,216,251,342,"1,89"
MONTGOMERY ............................ 44 48 52 65 70 102 116,89,105,139,83
PRINCE GEORGE’S ..................... 42 56 59 63 70 129 167,127,146,203,"1,06"
SOUTHERN AREA ........................... 31 37 25 47 59 88 103,86,95,111,68
CALVERT ...................................... 12 12 6 17 20 28 32,28,31,25,21
CHARLES ...................................... 11 13 9 21 22 45 37,27,31,53,26
ST MARY’S ................................... 8 12 10 9 17 15 34,31,33,33,20
EASTERN SHORE AREA ................ 69 72 79 92 88 154 164,162,192,252,"1,32"
CECIL ............................................ 28 25 26 29 32 30 59,59,62,92,44
KENT ............................................. 2 0 4 6 3 6 5,2,10,6,4
QUEEN ANNE’S ............................ 5 2 8 10 4 8 8,17,13,14,8
CAROLINE .................................... 11 4 2 7 3 10 11,7,12,17,8
TALBOT ......................................... 1 5 7 4 5 10 11,10,14,17,8
DORCHESTER ............................. 2 5 5 0 1 6 12,7,11,17,6
WICOMICO ................................... 11 21 17 20 18 48 35,36,41,47,29
SOMERSET .................................. 3 3 4 3 6 8 4,8,10,16,6
WORCESTER ............................... 6 7 6 13 16 28 19,16,19,26,15
OPIOID-RELATED DEATHSREGION AND POLITICAL,,,,
SUBDIVISION,,,,
2011 2012 2013 2014 2015 2016 2017,2018,2019,2020,TOTAL
"MARYLAND ...................................... 529 648 729 888 1,089 1,856 2,009","2,143","2,106","2,518","14,51"
NORTHWEST AREA ........................ 53 53 74 81 118 198 157,189,168,219,"1,31"
GARRETT ..................................... 1 0 4 2 4 0 4,3,6,5,2
ALLEGANY .................................... 8 10 11 11 20 55 36,33,23,48,25
WASHINGTON .............................. 16 20 26 34 57 63 51,83,80,105,53
FREDERICK .................................. 28 23 33 34 37 80 66,70,59,61,49
"BALTIMORE METRO AREA ............ 341 437 485 591 742 1,262 1,404","1,578","1,508","1,715","10,06"
BALTIMORE CITY ......................... 142 189 212 275 354 628 692,814,851,964,"5,12"
BALTIMORE COUNTY .................. 93 104 125 146 195 305 323,352,316,356,"2,31"
ANNE ARUNDEL .......................... 53 68 67 85 89 169 198,218,183,226,"1,35"
CARROLL ...................................... 7 27 21 29 34 44 51,68,51,43,37
HOWARD ...................................... 18 17 26 18 25 40 47,36,34,52,31
HARFORD ..................................... 28 32 34 38 45 76 93,90,73,74,58
NATIONAL CAPITAL AREA ............. 52 66 78 101 104 190 215,158,188,268,"1,42"
MONTGOMERY ............................ 28 36 40 53 59 84 91,64,86,109,65
PRINCE GEORGE’S ..................... 24 30 38 48 45 106 124,94,102,159,77
SOUTHERN AREA ........................... 26 32 24 40 48 74 94,71,82,93,58
CALVERT ...................................... 10 11 5 16 19 25 27,25,25,19,18
CHARLES ...................................... 10 12 9 16 17 36 34,19,26,42,22
ST MARY’S ................................... 6 9 10 8 12 13 33,27,31,32,18
EASTERN SHORE AREA ................ 57 60 68 75 77 132 139,147,160,223,"1,13"
CECIL ............................................ 24 22 22 25 26 28 57,58,53,85,40
KENT ............................................. 1 0 4 3 3 4 4,2,10,6,3
QUEEN ANNE’S ............................ 4 2 7 9 4 6 6,16,11,13,7
CAROLINE .................................... 8 4 2 7 3 9 8,7,11,15,7
TALBOT ......................................... 1 3 6 4 5 10 8,10,13,13,7
DORCHESTER ............................. 2 5 5 0 1 5 10,6,10,15,5
WICOMICO ................................... 10 17 14 15 17 44 28,30,29,39,24
SOMERSET .................................. 3 2 4 2 4 6 3,8,9,13,5
WORCESTER ............................... 4 5 4 10 14 20 15,10,14,24,12
HEROIN-RELATED DEATHSREGION AND POLITICAL,,,,
SUBDIVISION,,,,
2011 2012 2013 2014 2015 2016 2017,2018,2019,2020,TOTAL
"MARYLAND ...................................... 247 392 464 578 748 1,212 1,078",830,726,548,"6,82"
NORTHWEST AREA ........................ 23 27 40 53 80 119 72,68,58,44,58
GARRETT ..................................... 1 0 2 1 3 0 1,1,1,1,1
ALLEGANY .................................... 3 6 3 5 13 34 14,15,9,14,11
WASHINGTON .............................. 8 11 14 21 38 39 22,29,25,20,22
FREDERICK .................................. 11 10 21 26 26 46 35,23,23,9,23
BALTIMORE METRO AREA ............ 165 272 319 379 519 858 772,572,505,364,"4,72"
BALTIMORE CITY ......................... 76 131 150 192 260 454 380,286,279,205,"2,41"
BALTIMORE COUNTY .................. 38 64 76 86 134 208 170,119,111,74,"1,08"
ANNE ARUNDEL .......................... 24 38 41 53 60 105 118,75,63,45,62
CARROLL ...................................... 2 13 14 16 22 25 28,34,18,13,18
HOWARD ...................................... 10 12 16 9 16 24 23,15,10,15,15
HARFORD ..................................... 15 14 22 23 27 42 53,43,24,12,27
NATIONAL CAPITAL AREA ............. 23 42 53 65 69 115 104,78,81,76,70
MONTGOMERY ............................ 11 22 28 33 37 48 52,34,39,32,33
PRINCE GEORGE’S ..................... 12 20 25 32 32 67 52,44,42,44,37
SOUTHERN AREA ........................... 15 18 13 28 29 48 45,31,30,24,28
CALVERT ...................................... 5 6 2 13 15 17 17,8,10,3,9
CHARLES ...................................... 6 5 5 10 8 22 16,11,12,15,11
ST MARY’S ................................... 4 7 6 5 6 9 12,12,8,6,7
EASTERN SHORE AREA ................ 21 33 39 53 51 72 85,81,52,40,52
CECIL ............................................ 8 11 11 15 16 19 37,40,16,12,18
KENT ............................................. 1 0 0 2 1 1 1,0,3,2,1
QUEEN ANNE’S ............................ 2 2 5 7 1 4 5,8,3,4,4
CAROLINE .................................... 3 3 2 6 2 6 4,3,5,4,3
TALBOT ......................................... 1 2 2 4 3 4 3,4,4,1,2
DORCHESTER ............................. 1 3 3 0 1 3 4,3,5,2,2
WICOMICO ................................... 3 9 11 12 13 21 20,12,9,8,11
SOMERSET .................................. 1 2 1 1 3 3 2,5,1,1,2
WORCESTER ............................... 1 1 4 6 11 11 9,6,6,6,6
PRESCRIPTION OPIOID-RELATED DEATHSREGION AND POLITICAL,,,
SUBDIVISION,,,
2011 2012 2013 2014 2015 2016 2017 2018,2019,2020,TOTAL
MARYLAND ...................................... 342 311 316 330 351 418 413 379,369,453,"3,68"
NORTHWEST AREA ........................ 38 30 35 33 39 56 35 34,33,38,37
GARRETT ..................................... 1 0 2 2 1 0 1 1,1,1,1
ALLEGANY .................................... 5 5 8 6 6 15 9 5,5,8,7
WASHINGTON .............................. 11 9 11 16 20 23 8 19,17,18,15
FREDERICK .................................. 21 16 14 9 12 18 17 9,10,11,13
BALTIMORE METRO AREA ............ 212 196 207 217 233 265 298 272,258,325,"2,48"
BALTIMORE CITY ......................... 82 74 86 84 105 113 123 128,134,168,"1,09"
BALTIMORE COUNTY .................. 68 47 54 59 62 67 87 71,60,71,64
ANNE ARUNDEL .......................... 33 33 28 32 27 48 43 36,27,40,34
CARROLL ...................................... 5 17 12 15 14 15 13 16,13,16,13
HOWARD ...................................... 9 5 13 7 9 6 13 2,9,11,8
HARFORD ..................................... 15 20 14 20 16 16 19 19,15,19,17
NATIONAL CAPITAL AREA ............. 35 29 30 35 36 42 33 27,28,37,33
MONTGOMERY ............................ 20 18 16 19 23 26 19 16,15,16,18
PRINCE GEORGE’S ..................... 15 11 14 16 13 16 14 11,13,21,14
SOUTHERN AREA ........................... 15 18 12 19 19 25 26 22,23,24,20
CALVERT ...................................... 7 6 3 7 6 11 5 6,5,5,6
CHARLES ...................................... 5 7 5 9 8 10 11 8,7,8,7
ST MARY’S ................................... 3 5 4 3 5 4 10 8,11,11,6
EASTERN SHORE AREA ................ 42 38 32 26 24 30 21 24,27,29,29
CECIL ............................................ 20 18 12 12 10 8 8 5,6,10,10
KENT ............................................. 1 0 4 2 2 0 2 0,0,0,1
QUEEN ANNE’S ............................ 2 0 3 3 3 2 2 4,0,3,2
CAROLINE .................................... 5 1 0 1 0 4 1 1,3,3,1
TALBOT ......................................... 0 1 4 0 2 3 4 2,5,2,2
DORCHESTER ............................. 1 3 3 0 0 2 2 2,3,0,1
WICOMICO ................................... 7 9 4 3 5 7 0 5,5,7,5
SOMERSET .................................. 3 2 2 1 1 0 1 2,2,1,1
WORCESTER ............................... 3 4 0 4 1 4 1 3,3,3,2
OXYCODONE-RELATED DEATHSREGION AND POLITICAL,,,,
SUBDIVISION,,,,
2011 2012 2013 2014 2015 2016 2017,2018,2019,2020,TOTAL
MARYLAND ...................................... 118 99 86 120 104 157 122,103,124,108,"1,14"
NORTHWEST AREA ........................ 11 13 12 10 11 25 16,13,18,15,14
GARRETT ..................................... 0 0 1 0 0 0 0,0,1,1,
ALLEGANY .................................... 0 2 3 3 2 7 3,2,2,5,2
WASHINGTON .............................. 5 2 5 5 6 11 2,7,9,2,5
FREDERICK .................................. 6 9 3 2 3 7 11,4,6,7,5
BALTIMORE METRO AREA ............ 63 51 44 69 56 77 73,67,64,59,62
BALTIMORE CITY ......................... 15 15 11 20 18 22 23,21,22,21,18
BALTIMORE COUNTY .................. 22 12 14 22 16 22 21,20,18,14,18
ANNE ARUNDEL .......................... 14 11 9 10 12 23 15,15,11,14,13
CARROLL ...................................... 3 6 3 4 3 3 4,7,4,5,4
HOWARD ...................................... 2 2 4 4 4 2 5,0,3,3,2
HARFORD ..................................... 7 5 3 9 3 5 5,4,6,2,4
NATIONAL CAPITAL AREA ............. 14 11 13 17 16 25 13,7,15,14,14
MONTGOMERY ............................ 9 8 7 11 8 16 8,4,6,7,8
PRINCE GEORGE’S ..................... 5 3 6 6 8 9 5,3,9,7,6
SOUTHERN AREA ........................... 10 10 6 11 13 13 14,10,16,13,11
CALVERT ...................................... 4 5 3 3 3 7 3,1,4,4,3
CHARLES ...................................... 4 3 1 5 8 4 7,5,4,3,4
ST MARY’S ................................... 2 2 2 3 2 2 4,4,8,6,3
EASTERN SHORE AREA ................ 20 14 11 13 8 17 6,6,11,7,11
CECIL ............................................ 9 4 6 6 3 2 2,0,2,2,3
KENT ............................................. 0 0 1 0 1 0 0,0,0,0,
QUEEN ANNE’S ............................ 1 0 1 1 2 1 0,1,0,1,
CAROLINE .................................... 0 0 0 0 0 3 0,1,2,2,
TALBOT ......................................... 0 1 1 0 0 2 2,0,2,0,
DORCHESTER ............................. 1 1 0 0 0 2 1,1,1,0,
WICOMICO ................................... 5 5 1 2 1 5 0,2,3,0,2
SOMERSET .................................. 2 1 1 1 0 0 0,1,1,1,
WORCESTER ............................... 2 2 0 3 1 2 1,0,0,1,1
METHADONE-RELATED DEATHSREGION AND POLITICAL,,,,
SUBDIVISION,,,,
2011 2012 2013 2014 2015 2016 2017,2018,2019,2020,TOTAL
MARYLAND ...................................... 172 170 138 152 183 197 246,196,201,279,"1,93"
NORTHWEST AREA ........................ 14 14 8 20 14 12 11,14,10,17,13
GARRETT ..................................... 0 0 1 1 0 0 0,0,0,0,
ALLEGANY .................................... 4 1 1 3 2 4 3,2,2,1,2
WASHINGTON .............................. 5 4 3 10 6 5 4,10,6,14,6
FREDERICK .................................. 5 9 3 6 6 3 4,2,2,2,4
BALTIMORE METRO AREA ............ 128 122 110 112 145 158 198,155,166,226,"1,52"
BALTIMORE CITY ......................... 65 54 57 54 78 82 87,85,98,131,79
BALTIMORE COUNTY .................. 32 28 29 31 34 36 63,37,36,46,37
ANNE ARUNDEL .......................... 17 15 6 14 9 21 23,12,12,21,15
CARROLL ...................................... 2 12 7 5 9 9 6,6,8,9,7
HOWARD ...................................... 5 1 5 2 5 2 8,1,6,3,3
HARFORD ..................................... 7 12 6 6 10 8 11,14,6,16,9
NATIONAL CAPITAL AREA ............. 13 13 7 6 9 13 14,7,6,13,10
MONTGOMERY ............................ 6 7 3 5 6 7 6,4,4,5,5
PRINCE GEORGE’S ..................... 7 6 4 1 3 6 8,3,2,8,4
SOUTHERN AREA ........................... 3 5 2 7 6 6 9,7,6,11,6
CALVERT ...................................... 2 2 0 2 3 2 3,4,0,1,1
CHARLES ...................................... 0 1 1 4 2 2 3,2,2,4,2
ST MARY’S ................................... 1 2 1 1 1 2 3,1,4,6,2
EASTERN SHORE AREA ................ 14 16 11 7 9 8 14,13,13,12,11
CECIL ............................................ 9 10 4 4 3 3 4,5,4,6,5
KENT ............................................. 1 0 2 1 1 0 2,0,0,0,
QUEEN ANNE’S ............................ 1 0 1 0 1 1 2,3,0,0,
CAROLINE .................................... 1 1 0 1 0 2 1,0,1,0,
TALBOT ......................................... 0 1 2 0 1 1 2,1,2,1,1
DORCHESTER ............................. 0 1 0 0 0 0 2,1,2,0,
WICOMICO ................................... 1 1 2 0 2 0 0,1,2,3,1
SOMERSET .................................. 1 0 0 0 1 0 1,0,1,0,
WORCESTER ............................... 0 2 0 1 0 1 0,2,1,2,
FENTANYL-RELATED DEATHSREGION AND POLITICAL,,,,
SUBDIVISION,,,,
2011 2012 2013 2014 2015 2016 2017,2018,2019,2020,TOTAL
"MARYLAND ...................................... 26 29 58 186 340 1,119 1,594","1,888","1,927","2,342","9,509"
NORTHWEST AREA ........................ 6 3 7 8 32 109 119,166,146,200,796
GARRETT ..................................... 1 0 0 0 2 0 2,2,5,5,17
ALLEGANY .................................... 1 1 1 1 5 29 29,29,19,44,159
WASHINGTON .............................. 1 1 4 1 14 31 39,70,70,95,326
FREDERICK .................................. 3 1 2 6 11 49 49,65,52,56,294
"BALTIMORE METRO AREA ............ 10 16 35 142 248 792 1,118","1,415","1,395","1,605","6,776"
BALTIMORE CITY ......................... 2 4 12 72 120 419 573,758,810,920,"3,690"
BALTIMORE COUNTY .................. 4 5 11 36 65 182 244,308,285,328,"1,468"
ANNE ARUNDEL .......................... 2 3 6 23 29 98 152,184,164,209,870
CARROLL ...................................... 0 1 2 4 11 20 40,55,47,37,217
HOWARD ...................................... 0 2 3 5 7 27 36,34,28,44,186
HARFORD ..................................... 2 1 1 2 16 46 73,76,61,67,345
COCAINE-RELATED DEATHSREGION AND POLITICAL,,,,
SUBDIVISION,,,,
2011 2012 2013 2014 2015 2016 2017,2018,2019,2020,TOTAL
MARYLAND ...................................... 148 153 154 198 221 464 691,891,869,921,"4,71"
NORTHWEST AREA ........................ 10 9 13 16 20 27 43,67,51,65,32
GARRETT ..................................... 0 0 0 0 1 0 1,0,3,1,
ALLEGANY .................................... 0 2 2 2 5 9 13,12,6,10,6
WASHINGTON .............................. 3 5 6 6 10 9 10,31,24,31,13
FREDERICK .................................. 7 2 5 8 4 9 19,24,18,23,11
BALTIMORE METRO AREA ............ 97 108 102 138 167 348 522,693,647,666,"3,48"
BALTIMORE CITY ......................... 48 59 47 82 93 202 285,388,380,393,"1,97"
BALTIMORE COUNTY .................. 19 17 27 28 38 80 123,132,138,135,73
ANNE ARUNDEL .......................... 18 13 12 19 19 31 66,91,72,89,43
CARROLL ...................................... 3 7 7 2 6 8 14,23,24,8,10
HOWARD ...................................... 5 7 5 3 6 7 16,19,9,16,9
HARFORD ..................................... 4 5 4 4 5 20 18,40,24,25,14
NATIONAL CAPITAL AREA ............. 24 22 25 29 16 44 62,49,74,86,43
MONTGOMERY ............................ 12 12 13 10 5 11 17,18,29,26,15
PRINCE GEORGE’S ..................... 12 10 12 19 11 33 45,31,45,60,27
SOUTHERN AREA ........................... 3 6 1 3 6 8 19,33,39,33,15
CALVERT ...................................... 2 3 0 2 0 2 3,3,9,8,3
CHARLES ...................................... 1 1 0 0 2 4 10,13,12,16,5
ST MARY’S ................................... 0 2 1 1 4 2 6,17,18,9,6
EASTERN SHORE AREA ................ 14 8 13 12 12 37 45,49,58,71,31
CECIL ............................................ 7 2 5 4 3 3 15,14,12,13,7
KENT ............................................. 0 0 0 1 1 0 1,1,4,2,1
QUEEN ANNE’S ............................ 1 0 0 0 0 1 2,5,6,4,1
CAROLINE .................................... 1 1 0 1 0 5 2,1,2,2,1
TALBOT ......................................... 0 0 3 0 1 2 2,3,6,5,2
DORCHESTER ............................. 1 1 1 0 0 1 7,2,5,6,2
WICOMICO ................................... 3 4 3 4 7 13 7,13,21,21,9
SOMERSET .................................. 0 0 0 0 0 4 2,6,2,7,2
WORCESTER ............................... 1 0 1 2 0 8 7,4,0,11,3
BENZODIAZEPINE-RELATED DEATHSREGION AND POLITICAL,,,,
SUBDIVISION,,,,
2011 2012 2013 2014 2015 2016 2017,2018,2019,2020,TOTAL
MARYLAND ...................................... 68 73 69 103 91 126 146,127,107,114,"1,02"
NORTHWEST AREA ........................ 9 5 6 13 8 21 19,10,9,15,11
GARRETT ..................................... 0 0 1 0 1 0 2,0,1,2,
ALLEGANY .................................... 1 0 1 3 1 6 5,1,1,3,2
WASHINGTON .............................. 4 3 2 5 3 6 2,4,2,4,3
FREDERICK .................................. 4 2 2 5 3 9 10,5,5,6,5
BALTIMORE METRO AREA ............ 39 49 44 66 56 78 98,90,64,69,65
BALTIMORE CITY ......................... 9 15 14 22 15 24 28,28,27,26,20
BALTIMORE COUNTY .................. 9 12 16 24 18 29 25,32,17,21,20
ANNE ARUNDEL .......................... 14 11 3 9 11 9 27,16,11,10,12
CARROLL ...................................... 0 1 3 3 4 1 4,4,3,2,2
HOWARD ...................................... 4 2 5 0 6 8 5,1,1,4,3
HARFORD ..................................... 3 8 3 8 2 7 9,9,5,6,6
NATIONAL CAPITAL AREA ............. 9 6 7 12 8 12 15,15,17,17,11
MONTGOMERY ............................ 6 4 4 10 7 7 8,9,10,8,7
PRINCE GEORGE’S ..................... 3 2 3 2 1 5 7,6,7,9,4
SOUTHERN AREA ........................... 2 4 4 6 7 7 8,4,7,6,5
CALVERT ...................................... 1 1 1 3 1 1 2,2,0,0,1
CHARLES ...................................... 0 2 1 2 4 4 4,1,3,3,2
ST MARY’S ................................... 1 1 2 1 2 2 2,1,4,3,1
EASTERN SHORE AREA ................ 9 9 8 6 12 8 6,8,10,7,8
CECIL ............................................ 6 7 3 3 5 2 1,2,4,2,3
KENT ............................................. 0 0 0 0 0 1 2,0,0,0,
QUEEN ANNE’S ............................ 1 0 0 0 1 1 0,3,0,1,
CAROLINE .................................... 0 0 0 0 0 0 1,0,1,2,
TALBOT ......................................... 0 0 3 0 1 1 1,0,1,0,
DORCHESTER ............................. 0 1 1 0 0 1 0,0,1,0,
WICOMICO ................................... 1 0 0 1 2 1 0,1,1,2,
SOMERSET .................................. 0 1 1 0 0 0 0,0,0,0,
WORCESTER ............................... 1 0 0 2 3 1 1,2,2,0,1
PHENCYCLIDINE-RELATED DEATHSREGION AND POLITICAL,,,,,,,
SUBDIVISION,,,,,,,
2011 2012 2013 2014 2015 2016 2017,2018,,2019,,2020,,TOTAL
MARYLAND ...................................... 10 16 8 15 14 32 28,,37,,58,,75,29
NORTHWEST AREA ........................ 0 1 0 1 2 4 1,,4,,3,,5,2
GARRETT ..................................... 0 0 0 0 0 0 0,,0,,0,,0,
ALLEGANY .................................... 0 0 0 0 0 0 0,,0,,0,,0,
WASHINGTON .............................. 0 0 0 0 1 0 1,,0,,0,,2,
FREDERICK .................................. 0 1 0 1 1 4 0,,4,,3,,3,1
BALTIMORE METRO AREA ............ 4 7 4 3 2 11 8,,9,,23,,19,9
BALTIMORE CITY ......................... 1 2 1 1 1 2 2,,3,,8,,5,2
BALTIMORE COUNTY .................. 0 1 1 0 0 2 1,,0,,2,,2,
ANNE ARUNDEL .......................... 3 2 1 1 1 6 5,,5,,11,,10,4
CARROLL ...................................... 0 1 0 0 0 0 0,,0,,0,,0,
HOWARD ...................................... 0 1 1 1 0 1 0,,1,,2,,1,
HARFORD ..................................... 0 0 0 0 0 0 0,,0,,0,,1,
NATIONAL CAPITAL AREA ............. 4 6 3 10 8 13 16,,20,,25,,41,14
MONTGOMERY ............................ 2 1 0 1 1 2 2,,4,,2,,10,2
PRINCE GEORGE’S ..................... 2 5 3 9 7 11 14,,16,,23,,31,12
SOUTHERN AREA ........................... 1 2 1 1 2 3 2,,4,,6,,8,3
CALVERT ...................................... 1 0 0 0 1 0 2,,1,,2,,3,1
CHARLES ...................................... 0 2 1 1 0 3 0,,3,,4,,4,1
ST MARY’S ................................... 0 0 0 0 1 0 0,,0,,0,,1,
EASTERN SHORE AREA ................ 1 0 0 0 0 1 1,,0,,1,,2,
CECIL ............................................ 0 0 0 0 0 0 0,,0,,1,,0,
KENT ............................................. 0 0 0 0 0 0 0,,0,,0,,0,
QUEEN ANNE’S ............................ 0 0 0 0 0 0 0,,0,,0,,0,
CAROLINE .................................... 0 0 0 0 0 0 0,,0,,0,,0,
TALBOT ......................................... 0 0 0 0 0 0 0,,0,,0,,1,
DORCHESTER ............................. 1 0 0 0 0 0 0,,0,,0,,0,
WICOMICO ................................... 0 0 0 0 0 1 1,,0,,0,,1,
SOMERSET .................................. 0 0 0 0 0 0 0,,0,,0,,0,
WORCESTER ............................... 0 0 0 0 0 0 0,,0,,0,,0,
METHAMPHETAMINE-RELATED DEATHSREGION AND POLITICAL,,,,,,,
SUBDIVISION,,,,,,,
2011 2012 2013 2014 2015 2016 2017,2018,,2019,,2020,,TOTAL
MARYLAND ...................................... 0 2 6 3 10 18 28,,32,,41,,76,21
NORTHWEST AREA ........................ 0 1 1 0 1 2 5,,6,,11,,7,3
GARRETT ..................................... 0 0 0 0 0 0 2,,1,,1,,3,
ALLEGANY .................................... 0 0 1 0 0 1 0,,2,,2,,1,
WASHINGTON .............................. 0 0 0 0 1 1 1,,3,,7,,2,1
FREDERICK .................................. 0 1 0 0 0 0 2,,0,,1,,1,
BALTIMORE METRO AREA ............ 0 1 3 1 4 12 12,,13,,13,,28,8
BALTIMORE CITY ......................... 0 1 2 1 1 8 5,,5,,7,,13,4
BALTIMORE COUNTY .................. 0 0 1 0 0 1 1,,4,,4,,7,1
ANNE ARUNDEL .......................... 0 0 0 0 0 0 2,,2,,2,,1,
CARROLL ...................................... 0 0 0 0 1 0 1,,1,,0,,2,
HOWARD ...................................... 0 0 0 0 2 2 1,,1,,0,,1,
HARFORD ..................................... 0 0 0 0 0 1 2,,0,,0,,4,
NATIONAL CAPITAL AREA ............. 0 0 2 0 4 3 4,,4,,6,,9,3
MONTGOMERY ............................ 0 0 0 0 0 1 2,,1,,3,,2,
PRINCE GEORGE’S ..................... 0 0 2 0 4 2 2,,3,,3,,7,2
SOUTHERN AREA ........................... 0 0 0 0 1 1 3,,1,,1,,2,
CALVERT ...................................... 0 0 0 0 0 0 1,,1,,1,,0,
CHARLES ...................................... 0 0 0 0 1 1 2,,0,,0,,2,
ST MARY’S ................................... 0 0 0 0 0 0 0,,0,,0,,0,
EASTERN SHORE AREA ................ 0 0 0 2 0 0 4,,8,,10,,30,5
CECIL ............................................ 0 0 0 0 0 0 4,,6,,8,,26,4
KENT ............................................. 0 0 0 0 0 0 0,,0,,1,,0,
QUEEN ANNE’S ............................ 0 0 0 0 0 0 0,,0,,0,,1,
CAROLINE .................................... 0 0 0 1 0 0 0,,0,,1,,1,
TALBOT ......................................... 0 0 0 0 0 0 0,,0,,0,,0,
DORCHESTER ............................. 0 0 0 0 0 0 0,,0,,0,,0,
WICOMICO ................................... 0 0 0 1 0 0 0,,1,,0,,0,
SOMERSET .................................. 0 0 0 0 0 0 0,,0,,0,,0,
WORCESTER ............................... 0 0 0 0 0 0 0,,1,,0,,2,
ALCOHOL-RELATED DEATHSREGION AND POLITICAL,,,,
SUBDIVISION,,,,
2011 2012 2013 2014 2015 2016 2017,2018,2019,2020,TOTAL
MARYLAND ...................................... 161 195 239 270 310 582 517,472,423,566,"3,73"
NORTHWEST AREA ........................ 16 12 21 27 30 47 31,34,37,37,29
GARRETT ..................................... 1 0 2 1 1 1 2,1,2,1,1
ALLEGANY .................................... 2 4 2 3 6 14 4,7,3,7,5
WASHINGTON .............................. 4 3 6 11 10 17 14,15,20,17,11
FREDERICK .................................. 9 5 11 12 13 15 11,11,12,12,11
BALTIMORE METRO AREA ............ 99 126 154 166 215 403 334,339,273,343,"2,45"
BALTIMORE CITY ......................... 44 71 86 86 114 222 198,187,165,169,"1,34"
BALTIMORE COUNTY .................. 22 24 32 39 52 81 71,80,53,91,54
ANNE ARUNDEL .......................... 21 15 22 18 27 56 37,44,34,49,32
CARROLL ...................................... 4 4 4 9 6 12 9,10,6,7,7
HOWARD ...................................... 4 6 6 6 5 14 7,5,4,11,6
HARFORD ..................................... 4 6 4 8 11 18 12,13,11,16,10
NATIONAL CAPITAL AREA ............. 28 38 35 36 32 67 86,51,58,102,53
MONTGOMERY ............................ 16 15 13 18 15 22 35,19,19,43,21
PRINCE GEORGE’S ..................... 12 23 22 18 17 45 51,32,39,59,31
SOUTHERN AREA ........................... 7 7 7 12 11 22 24,17,18,28,15
CALVERT ...................................... 2 2 1 4 3 7 4,9,5,10,4
CHARLES ...................................... 3 2 4 5 4 12 9,3,10,14,6
ST MARY’S ................................... 2 3 2 3 4 3 11,5,3,4,4
EASTERN SHORE AREA ................ 11 12 22 29 22 43 42,31,37,56,30
CECIL ............................................ 3 6 9 5 8 8 12,10,5,16,8
KENT ............................................. 0 0 1 1 0 1 1,0,1,2,
QUEEN ANNE’S ............................ 3 0 1 7 0 2 4,3,1,1,2
CAROLINE .................................... 1 0 1 2 0 5 4,1,2,3,1
TALBOT ......................................... 0 2 2 0 0 0 5,4,5,6,2
DORCHESTER ............................. 0 1 0 0 1 1 2,1,5,5,1
WICOMICO ................................... 2 2 6 7 3 12 9,8,12,8,6
SOMERSET .................................. 1 1 1 2 2 3 1,0,1,4,1
WORCESTER ............................... 1 0 1 5 8 11 4,4,5,11,5
